id,Amount,Duplicates
10.1.1.89.9207,2,"['10.1.1.89.9207', '10.1.1.88.1359']"
10.1.1.88.1359,2,"['10.1.1.89.9207', '10.1.1.88.1359']"
10.1.1.59.5519,2,"['10.1.1.59.5519', '10.1.1.121.7316']"
10.1.1.121.7316,2,"['10.1.1.59.5519', '10.1.1.121.7316']"
10.1.1.3.2533,2,"['10.1.1.5.932', '10.1.1.3.2533']"
10.1.1.76.2175,2,"['10.1.1.76.2175', '10.1.1.112.3446']"
10.1.1.112.3446,2,"['10.1.1.76.2175', '10.1.1.112.3446']"
10.1.1.77.5470,2,"['10.1.1.77.5470', '10.1.1.142.1306']"
10.1.1.142.1306,2,"['10.1.1.77.5470', '10.1.1.142.1306']"
10.1.1.212.3815,12,"['10.1.1.212.3815', '10.1.1.212.1256', '10.1.1.190.6952', '10.1.1.183.8111', '10.1.1.190.6279', '10.1.1.183.7499', '10.1.1.183.167', '10.1.1.178.1853', '10.1.1.172.2644', '10.1.1.169.6422', '10.1.1.178.9490', '10.1.1.170.7211']"
10.1.1.212.1256,12,"['10.1.1.212.3815', '10.1.1.212.1256', '10.1.1.190.6952', '10.1.1.183.8111', '10.1.1.190.6279', '10.1.1.183.7499', '10.1.1.183.167', '10.1.1.178.1853', '10.1.1.172.2644', '10.1.1.169.6422', '10.1.1.178.9490', '10.1.1.170.7211']"
10.1.1.43.8609,2,"['10.1.1.43.8609', '10.1.1.33.4973']"
10.1.1.33.4973,2,"['10.1.1.43.8609', '10.1.1.33.4973']"
10.1.1.180.1751,2,"['10.1.1.180.1751', '10.1.1.168.8']"
10.1.1.168.8,2,"['10.1.1.180.1751', '10.1.1.168.8']"
10.1.1.129.1554,2,"['10.1.1.129.1554', '10.1.1.128.4185']"
10.1.1.128.4185,2,"['10.1.1.129.1554', '10.1.1.128.4185']"
10.1.1.49.2865,2,"['10.1.1.49.2865', '10.1.1.39.6147']"
10.1.1.39.6147,2,"['10.1.1.49.2865', '10.1.1.39.6147']"
10.1.1.81.4430,2,"['10.1.1.81.4430', '10.1.1.63.2502']"
10.1.1.63.2502,2,"['10.1.1.81.4430', '10.1.1.63.2502']"
10.1.1.54.2933,2,"['10.1.1.54.2933', '10.1.1.40.2308']"
10.1.1.40.2308,2,"['10.1.1.54.2933', '10.1.1.40.2308']"
10.1.1.177.8464,2,"['10.1.1.177.8464', '10.1.1.177.8388']"
10.1.1.177.8388,2,"['10.1.1.177.8464', '10.1.1.177.8388']"
10.1.1.93.7066,2,"['10.1.1.93.7066', '10.1.1.153.7053']"
10.1.1.153.7053,2,"['10.1.1.93.7066', '10.1.1.153.7053']"
10.1.1.52.2486,2,"['10.1.1.52.2486', '10.1.1.5.4182']"
10.1.1.5.4182,2,"['10.1.1.52.2486', '10.1.1.5.4182']"
10.1.1.36.5906,2,"['10.1.1.36.5906', '10.1.1.36.4161']"
10.1.1.36.4161,2,"['10.1.1.36.5906', '10.1.1.36.4161']"
10.1.1.79.4446,2,"['10.1.1.79.4446', '10.1.1.129.3184']"
10.1.1.129.3184,2,"['10.1.1.79.4446', '10.1.1.129.3184']"
10.1.1.118.9528,2,"['10.1.1.118.9528', '10.1.1.111.1618']"
10.1.1.111.1618,2,"['10.1.1.118.9528', '10.1.1.111.1618']"
10.1.1.90.6865,9,"['10.1.1.96.9361', '10.1.1.90.6865', '10.1.1.63.7017', '10.1.1.81.6408', '10.1.1.74.3296', '10.1.1.93.478', '10.1.1.113.7513', '10.1.1.105.1942', '10.1.1.79.7931']"
10.1.1.63.7017,9,"['10.1.1.96.9361', '10.1.1.90.6865', '10.1.1.63.7017', '10.1.1.81.6408', '10.1.1.74.3296', '10.1.1.93.478', '10.1.1.113.7513', '10.1.1.105.1942', '10.1.1.79.7931']"
10.1.1.187.4658,4,"['10.1.1.187.4658', '10.1.1.183.64', '10.1.1.177.641', '10.1.1.170.7768']"
10.1.1.183.64,4,"['10.1.1.187.4658', '10.1.1.183.64', '10.1.1.177.641', '10.1.1.170.7768']"
10.1.1.49.1559,2,"['10.1.1.49.1559', '10.1.1.48.930']"
10.1.1.48.930,2,"['10.1.1.49.1559', '10.1.1.48.930']"
10.1.1.83.5547,2,"['10.1.1.83.5547', '10.1.1.147.1024']"
10.1.1.147.1024,2,"['10.1.1.83.5547', '10.1.1.147.1024']"
10.1.1.224.6866,2,"['10.1.1.224.6866', '10.1.1.207.5636']"
10.1.1.207.5636,2,"['10.1.1.224.6866', '10.1.1.207.5636']"
10.1.1.54.1855,2,"['10.1.1.54.1855', '10.1.1.26.3390']"
10.1.1.26.3390,2,"['10.1.1.54.1855', '10.1.1.26.3390']"
10.1.1.85.5694,2,"['10.1.1.85.5694', '10.1.1.112.2448']"
10.1.1.112.2448,2,"['10.1.1.85.5694', '10.1.1.112.2448']"
10.1.1.180.2178,2,"['10.1.1.180.2178', '10.1.1.165.4526']"
10.1.1.165.4526,2,"['10.1.1.180.2178', '10.1.1.165.4526']"
10.1.1.186.1251,2,"['10.1.1.186.1251', '10.1.1.169.8566']"
10.1.1.169.8566,2,"['10.1.1.186.1251', '10.1.1.169.8566']"
10.1.1.144.649,2,"['10.1.1.144.649', '10.1.1.113.5719']"
10.1.1.113.5719,2,"['10.1.1.144.649', '10.1.1.113.5719']"
10.1.1.219.6360,2,"['10.1.1.219.6360', '10.1.1.147.3014']"
10.1.1.147.3014,2,"['10.1.1.219.6360', '10.1.1.147.3014']"
10.1.1.38.1982,2,"['10.1.1.38.1982', '10.1.1.133.4474']"
10.1.1.133.4474,2,"['10.1.1.38.1982', '10.1.1.133.4474']"
10.1.1.53.3337,2,"['10.1.1.53.3337', '10.1.1.31.6660']"
10.1.1.31.6660,2,"['10.1.1.53.3337', '10.1.1.31.6660']"
10.1.1.69.8113,2,"['10.1.1.69.8113', '10.1.1.69.7312']"
10.1.1.69.7312,2,"['10.1.1.69.8113', '10.1.1.69.7312']"
10.1.1.224.3770,2,"['10.1.1.224.3770', '10.1.1.224.1983']"
10.1.1.224.1983,2,"['10.1.1.224.3770', '10.1.1.224.1983']"
10.1.1.207.214,2,"['10.1.1.207.214', '10.1.1.165.9793']"
10.1.1.165.9793,2,"['10.1.1.207.214', '10.1.1.165.9793']"
10.1.1.211.7178,2,"['10.1.1.211.7178', '10.1.1.133.6667']"
10.1.1.133.6667,2,"['10.1.1.211.7178', '10.1.1.133.6667']"
10.1.1.16.5136,2,"['10.1.1.16.5136', '10.1.1.13.619']"
10.1.1.13.619,2,"['10.1.1.16.5136', '10.1.1.13.619']"
10.1.1.22.6188,2,"['10.1.1.22.6188', '10.1.1.147.3363']"
10.1.1.147.3363,2,"['10.1.1.22.6188', '10.1.1.147.3363']"
10.1.1.46.8264,2,"['10.1.1.46.8264', '10.1.1.46.7869']"
10.1.1.46.7869,2,"['10.1.1.46.8264', '10.1.1.46.7869']"
10.1.1.56.4045,2,"['10.1.1.56.4045', '10.1.1.29.9108']"
10.1.1.29.9108,2,"['10.1.1.56.4045', '10.1.1.29.9108']"
10.1.1.32.7028,3,"['10.1.1.32.7028', '10.1.1.180.7663', '10.1.1.218.9310']"
10.1.1.186.7557,2,"['10.1.1.186.7557', '10.1.1.169.9186']"
10.1.1.169.9186,2,"['10.1.1.186.7557', '10.1.1.169.9186']"
10.1.1.21.7402,2,"['10.1.1.21.7402', '10.1.1.16.8449']"
10.1.1.16.8449,2,"['10.1.1.21.7402', '10.1.1.16.8449']"
10.1.1.185.2397,2,"['10.1.1.185.2397', '10.1.1.176.4946']"
10.1.1.176.4946,2,"['10.1.1.185.2397', '10.1.1.176.4946']"
10.1.1.35.8103,2,"['10.1.1.35.8103', '10.1.1.35.6788']"
10.1.1.35.6788,2,"['10.1.1.35.8103', '10.1.1.35.6788']"
10.1.1.129.6712,2,"['10.1.1.129.6712', '10.1.1.116.1182']"
10.1.1.116.1182,2,"['10.1.1.129.6712', '10.1.1.116.1182']"
10.1.1.81.6408,9,"['10.1.1.96.9361', '10.1.1.90.6865', '10.1.1.63.7017', '10.1.1.81.6408', '10.1.1.74.3296', '10.1.1.93.478', '10.1.1.113.7513', '10.1.1.105.1942', '10.1.1.79.7931']"
10.1.1.74.3296,9,"['10.1.1.96.9361', '10.1.1.90.6865', '10.1.1.63.7017', '10.1.1.81.6408', '10.1.1.74.3296', '10.1.1.93.478', '10.1.1.113.7513', '10.1.1.105.1942', '10.1.1.79.7931']"
10.1.1.7.4123,2,"['10.1.1.93.4031', '10.1.1.7.4123']"
10.1.1.122.1668,2,"['10.1.1.122.1668', '10.1.1.112.1050']"
10.1.1.112.1050,2,"['10.1.1.122.1668', '10.1.1.112.1050']"
10.1.1.190.6952,12,"['10.1.1.212.3815', '10.1.1.212.1256', '10.1.1.190.6952', '10.1.1.183.8111', '10.1.1.190.6279', '10.1.1.183.7499', '10.1.1.183.167', '10.1.1.178.1853', '10.1.1.172.2644', '10.1.1.169.6422', '10.1.1.178.9490', '10.1.1.170.7211']"
10.1.1.183.8111,12,"['10.1.1.212.3815', '10.1.1.212.1256', '10.1.1.190.6952', '10.1.1.183.8111', '10.1.1.190.6279', '10.1.1.183.7499', '10.1.1.183.167', '10.1.1.178.1853', '10.1.1.172.2644', '10.1.1.169.6422', '10.1.1.178.9490', '10.1.1.170.7211']"
10.1.1.5.7843,2,"['10.1.1.5.7843', '10.1.1.20.9835']"
10.1.1.20.9835,2,"['10.1.1.5.7843', '10.1.1.20.9835']"
10.1.1.190.6279,12,"['10.1.1.212.3815', '10.1.1.212.1256', '10.1.1.190.6952', '10.1.1.183.8111', '10.1.1.190.6279', '10.1.1.183.7499', '10.1.1.183.167', '10.1.1.178.1853', '10.1.1.172.2644', '10.1.1.169.6422', '10.1.1.178.9490', '10.1.1.170.7211']"
10.1.1.183.7499,12,"['10.1.1.212.3815', '10.1.1.212.1256', '10.1.1.190.6952', '10.1.1.183.8111', '10.1.1.190.6279', '10.1.1.183.7499', '10.1.1.183.167', '10.1.1.178.1853', '10.1.1.172.2644', '10.1.1.169.6422', '10.1.1.178.9490', '10.1.1.170.7211']"
10.1.1.42.5336,2,"['10.1.1.42.5336', '10.1.1.30.2363']"
10.1.1.30.2363,2,"['10.1.1.42.5336', '10.1.1.30.2363']"
10.1.1.23.8906,2,"['10.1.1.23.8906', '10.1.1.22.3739']"
10.1.1.22.3739,2,"['10.1.1.23.8906', '10.1.1.22.3739']"
10.1.1.28.5031,2,"['10.1.1.28.5031', '10.1.1.22.741']"
10.1.1.22.741,2,"['10.1.1.28.5031', '10.1.1.22.741']"
10.1.1.15.266,2,"['10.1.1.97.9144', '10.1.1.15.266']"
10.1.1.85.9375,2,"['10.1.1.85.9375', '10.1.1.71.2130']"
10.1.1.71.2130,2,"['10.1.1.85.9375', '10.1.1.71.2130']"
10.1.1.38.6121,2,"['10.1.1.38.6121', '10.1.1.25.6221']"
10.1.1.25.6221,2,"['10.1.1.38.6121', '10.1.1.25.6221']"
10.1.1.46.6466,2,"['10.1.1.46.6466', '10.1.1.192.4038']"
10.1.1.192.4038,2,"['10.1.1.46.6466', '10.1.1.192.4038']"
10.1.1.220.234,2,"['10.1.1.220.234', '10.1.1.145.7164']"
10.1.1.145.7164,2,"['10.1.1.220.234', '10.1.1.145.7164']"
10.1.1.183.7905,2,"['10.1.1.183.7905', '10.1.1.183.5765']"
10.1.1.183.5765,2,"['10.1.1.183.7905', '10.1.1.183.5765']"
10.1.1.81.7810,2,"['10.1.1.81.7810', '10.1.1.79.6953']"
10.1.1.79.6953,2,"['10.1.1.81.7810', '10.1.1.79.6953']"
10.1.1.79.838,2,"['10.1.1.79.838', '10.1.1.114.4368']"
10.1.1.114.4368,2,"['10.1.1.79.838', '10.1.1.114.4368']"
10.1.1.219.4963,2,"['10.1.1.219.4963', '10.1.1.211.6928']"
10.1.1.211.6928,2,"['10.1.1.219.4963', '10.1.1.211.6928']"
10.1.1.51.8438,2,"['10.1.1.51.8438', '10.1.1.45.8831']"
10.1.1.45.8831,2,"['10.1.1.51.8438', '10.1.1.45.8831']"
10.1.1.183.167,12,"['10.1.1.212.3815', '10.1.1.212.1256', '10.1.1.190.6952', '10.1.1.183.8111', '10.1.1.190.6279', '10.1.1.183.7499', '10.1.1.183.167', '10.1.1.178.1853', '10.1.1.172.2644', '10.1.1.169.6422', '10.1.1.178.9490', '10.1.1.170.7211']"
10.1.1.178.1853,12,"['10.1.1.212.3815', '10.1.1.212.1256', '10.1.1.190.6952', '10.1.1.183.8111', '10.1.1.190.6279', '10.1.1.183.7499', '10.1.1.183.167', '10.1.1.178.1853', '10.1.1.172.2644', '10.1.1.169.6422', '10.1.1.178.9490', '10.1.1.170.7211']"
10.1.1.180.1060,2,"['10.1.1.180.1060', '10.1.1.170.3227']"
10.1.1.170.3227,2,"['10.1.1.180.1060', '10.1.1.170.3227']"
10.1.1.64.641,2,"['10.1.1.64.641', '10.1.1.13.7597']"
10.1.1.30.5913,2,"['10.1.1.30.5913', '10.1.1.101.1032']"
10.1.1.101.1032,2,"['10.1.1.30.5913', '10.1.1.101.1032']"
10.1.1.63.8929,2,"['10.1.1.63.8929', '10.1.1.165.6135']"
10.1.1.165.6135,2,"['10.1.1.63.8929', '10.1.1.165.6135']"
10.1.1.172.2644,12,"['10.1.1.212.3815', '10.1.1.212.1256', '10.1.1.190.6952', '10.1.1.183.8111', '10.1.1.190.6279', '10.1.1.183.7499', '10.1.1.183.167', '10.1.1.178.1853', '10.1.1.172.2644', '10.1.1.169.6422', '10.1.1.178.9490', '10.1.1.170.7211']"
10.1.1.169.6422,12,"['10.1.1.212.3815', '10.1.1.212.1256', '10.1.1.190.6952', '10.1.1.183.8111', '10.1.1.190.6279', '10.1.1.183.7499', '10.1.1.183.167', '10.1.1.178.1853', '10.1.1.172.2644', '10.1.1.169.6422', '10.1.1.178.9490', '10.1.1.170.7211']"
10.1.1.45.6507,2,"['10.1.1.45.6507', '10.1.1.45.4313']"
10.1.1.45.4313,2,"['10.1.1.45.6507', '10.1.1.45.4313']"
10.1.1.45.1315,2,"['10.1.1.45.1315', '10.1.1.40.7389']"
10.1.1.40.7389,2,"['10.1.1.45.1315', '10.1.1.40.7389']"
10.1.1.177.641,4,"['10.1.1.187.4658', '10.1.1.183.64', '10.1.1.177.641', '10.1.1.170.7768']"
10.1.1.170.7768,4,"['10.1.1.187.4658', '10.1.1.183.64', '10.1.1.177.641', '10.1.1.170.7768']"
10.1.1.26.4934,2,"['10.1.1.26.4934', '10.1.1.24.5112']"
10.1.1.24.5112,2,"['10.1.1.26.4934', '10.1.1.24.5112']"
10.1.1.221.7060,2,"['10.1.1.221.7060', '10.1.1.170.6488']"
10.1.1.170.6488,2,"['10.1.1.221.7060', '10.1.1.170.6488']"
10.1.1.220.7843,2,"['10.1.1.220.7843', '10.1.1.150.2217']"
10.1.1.150.2217,2,"['10.1.1.220.7843', '10.1.1.150.2217']"
10.1.1.178.4839,2,"['10.1.1.178.4839', '10.1.1.170.8062']"
10.1.1.170.8062,2,"['10.1.1.178.4839', '10.1.1.170.8062']"
10.1.1.227.8515,2,"['10.1.1.227.8515', '10.1.1.226.404']"
10.1.1.226.404,2,"['10.1.1.227.8515', '10.1.1.226.404']"
10.1.1.54.6389,2,"['10.1.1.54.6389', '10.1.1.15.273']"
10.1.1.15.273,2,"['10.1.1.54.6389', '10.1.1.15.273']"
10.1.1.212.5243,2,"['10.1.1.212.5243', '10.1.1.100.8982']"
10.1.1.100.8982,2,"['10.1.1.212.5243', '10.1.1.100.8982']"
10.1.1.178.9490,12,"['10.1.1.212.3815', '10.1.1.212.1256', '10.1.1.190.6952', '10.1.1.183.8111', '10.1.1.190.6279', '10.1.1.183.7499', '10.1.1.183.167', '10.1.1.178.1853', '10.1.1.172.2644', '10.1.1.169.6422', '10.1.1.178.9490', '10.1.1.170.7211']"
10.1.1.170.7211,12,"['10.1.1.212.3815', '10.1.1.212.1256', '10.1.1.190.6952', '10.1.1.183.8111', '10.1.1.190.6279', '10.1.1.183.7499', '10.1.1.183.167', '10.1.1.178.1853', '10.1.1.172.2644', '10.1.1.169.6422', '10.1.1.178.9490', '10.1.1.170.7211']"
10.1.1.19.5722,2,"['10.1.1.19.5722', '10.1.1.159.1642']"
10.1.1.55.3287,2,"['10.1.1.55.3287', '10.1.1.37.2260']"
10.1.1.37.2260,2,"['10.1.1.55.3287', '10.1.1.37.2260']"
10.1.1.51.6359,2,"['10.1.1.51.6359', '10.1.1.206.1054']"
10.1.1.206.1054,2,"['10.1.1.51.6359', '10.1.1.206.1054']"
10.1.1.104.2958,2,"['10.1.1.104.2958', '10.1.1.100.2647']"
10.1.1.100.2647,2,"['10.1.1.104.2958', '10.1.1.100.2647']"
10.1.1.126.1146,2,"['10.1.1.126.1146', '10.1.1.124.4029']"
10.1.1.124.4029,2,"['10.1.1.126.1146', '10.1.1.124.4029']"
10.1.1.21.6897,2,"['10.1.1.21.6897', '10.1.1.131.4580']"
10.1.1.131.4580,2,"['10.1.1.21.6897', '10.1.1.131.4580']"
10.1.1.193.9150,5,"['10.1.1.83.7499', '10.1.1.112.9738', '10.1.1.193.9150', '10.1.1.187.388', '10.1.1.81.3109']"
10.1.1.187.388,5,"['10.1.1.83.7499', '10.1.1.112.9738', '10.1.1.193.9150', '10.1.1.187.388', '10.1.1.81.3109']"
10.1.1.204.8931,2,"['10.1.1.204.8931', '10.1.1.188.6840']"
10.1.1.188.6840,2,"['10.1.1.204.8931', '10.1.1.188.6840']"
10.1.1.49.5842,2,"['10.1.1.49.5842', '10.1.1.31.735']"
10.1.1.31.735,2,"['10.1.1.49.5842', '10.1.1.31.735']"
10.1.1.42.4604,2,"['10.1.1.42.4604', '10.1.1.40.1501']"
10.1.1.40.1501,2,"['10.1.1.42.4604', '10.1.1.40.1501']"
10.1.1.207.7915,2,"['10.1.1.207.7915', '10.1.1.116.8518']"
10.1.1.116.8518,2,"['10.1.1.207.7915', '10.1.1.116.8518']"
10.1.1.54.1667,2,"['10.1.1.54.1667', '10.1.1.50.9145']"
10.1.1.50.9145,2,"['10.1.1.54.1667', '10.1.1.50.9145']"
10.1.1.222.7587,2,"['10.1.1.222.7587', '10.1.1.211.9857']"
10.1.1.211.9857,2,"['10.1.1.222.7587', '10.1.1.211.9857']"
10.1.1.233.4878,2,"['10.1.1.233.4878', '10.1.1.210.1687']"
10.1.1.210.1687,2,"['10.1.1.233.4878', '10.1.1.210.1687']"
10.1.1.175.3795,2,"['10.1.1.175.3795', '10.1.1.167.7301']"
10.1.1.167.7301,2,"['10.1.1.175.3795', '10.1.1.167.7301']"
10.1.1.60.9804,2,"['10.1.1.60.9804', '10.1.1.60.1268']"
10.1.1.60.1268,2,"['10.1.1.60.9804', '10.1.1.60.1268']"
10.1.1.41.871,2,"['10.1.1.41.871', '10.1.1.22.2354']"
10.1.1.22.2354,2,"['10.1.1.41.871', '10.1.1.22.2354']"
10.1.1.39.1298,2,"['10.1.1.39.1298', '10.1.1.31.7685']"
10.1.1.31.7685,2,"['10.1.1.39.1298', '10.1.1.31.7685']"
10.1.1.52.6558,2,"['10.1.1.52.6558', '10.1.1.34.665']"
10.1.1.34.665,2,"['10.1.1.52.6558', '10.1.1.34.665']"
10.1.1.68.8931,2,"['10.1.1.68.8931', '10.1.1.40.9299']"
10.1.1.40.9299,2,"['10.1.1.68.8931', '10.1.1.40.9299']"
10.1.1.86.6095,2,"['10.1.1.86.6095', '10.1.1.133.6460']"
10.1.1.133.6460,2,"['10.1.1.86.6095', '10.1.1.133.6460']"
10.1.1.49.9700,2,"['10.1.1.49.9700', '10.1.1.47.9075']"
10.1.1.47.9075,2,"['10.1.1.49.9700', '10.1.1.47.9075']"
10.1.1.81.3129,2,"['10.1.1.81.3129', '10.1.1.106.6333']"
10.1.1.106.6333,2,"['10.1.1.81.3129', '10.1.1.106.6333']"
10.1.1.51.4463,2,"['10.1.1.51.4463', '10.1.1.49.6857']"
10.1.1.49.6857,2,"['10.1.1.51.4463', '10.1.1.49.6857']"
10.1.1.54.8822,2,"['10.1.1.54.8822', '10.1.1.54.5535']"
10.1.1.54.5535,2,"['10.1.1.54.8822', '10.1.1.54.5535']"
10.1.1.187.6466,2,"['10.1.1.187.6466', '10.1.1.187.5964']"
10.1.1.187.5964,2,"['10.1.1.187.6466', '10.1.1.187.5964']"
10.1.1.220.504,2,"['10.1.1.220.504', '10.1.1.188.5331']"
10.1.1.188.5331,2,"['10.1.1.220.504', '10.1.1.188.5331']"
10.1.1.55.9607,2,"['10.1.1.55.9607', '10.1.1.51.7371']"
10.1.1.51.7371,2,"['10.1.1.55.9607', '10.1.1.51.7371']"
10.1.1.7.9457,2,"['10.1.1.7.9457', '10.1.1.7.1072']"
10.1.1.81.3109,5,"['10.1.1.83.7499', '10.1.1.112.9738', '10.1.1.193.9150', '10.1.1.187.388', '10.1.1.81.3109']"
10.1.1.93.6900,2,"['10.1.1.93.6900', '10.1.1.125.2602']"
10.1.1.125.2602,2,"['10.1.1.93.6900', '10.1.1.125.2602']"
10.1.1.78.6911,2,"['10.1.1.78.6911', '10.1.1.63.7305']"
10.1.1.63.7305,2,"['10.1.1.78.6911', '10.1.1.63.7305']"
10.1.1.112.2074,2,"['10.1.1.112.2074', '10.1.1.100.8313']"
10.1.1.100.8313,2,"['10.1.1.112.2074', '10.1.1.100.8313']"
10.1.1.5.319,2,"['10.1.1.5.319', '10.1.1.35.5705']"
10.1.1.35.5705,2,"['10.1.1.5.319', '10.1.1.35.5705']"
10.1.1.62.1099,2,"['10.1.1.62.1099', '10.1.1.113.3824']"
10.1.1.113.3824,2,"['10.1.1.62.1099', '10.1.1.113.3824']"
10.1.1.28.999,2,"['10.1.1.28.999', '10.1.1.28.7960']"
10.1.1.28.7960,2,"['10.1.1.28.999', '10.1.1.28.7960']"
10.1.1.65.7908,2,"['10.1.1.65.7908', '10.1.1.155.1422']"
10.1.1.155.1422,2,"['10.1.1.65.7908', '10.1.1.155.1422']"
10.1.1.45.4417,2,"['10.1.1.45.4417', '10.1.1.11.7636']"
10.1.1.11.7636,2,"['10.1.1.45.4417', '10.1.1.11.7636']"
10.1.1.96.6534,2,"['10.1.1.96.6534', '10.1.1.192.1996']"
10.1.1.192.1996,2,"['10.1.1.96.6534', '10.1.1.192.1996']"
10.1.1.69.7541,2,"['10.1.1.69.7541', '10.1.1.138.3372']"
10.1.1.138.3372,2,"['10.1.1.69.7541', '10.1.1.138.3372']"
10.1.1.86.5219,2,"['10.1.1.86.5219', '10.1.1.72.8689']"
10.1.1.229.2982,2,"['10.1.1.229.2982', '10.1.1.228.2186']"
10.1.1.53.689,2,"['10.1.1.53.689', '10.1.1.40.9196']"
10.1.1.40.9196,2,"['10.1.1.53.689', '10.1.1.40.9196']"